[{"model": "admin.logentry", "pk": 1, "fields": {"action_time": "2023-11-05T10:25:48.256Z", "user": 1, "content_type": 7, "object_id": "1", "object_repr": "('Беларусь', 'Минск', 'Неманская', '1')", "action_flag": 1, "change_message": "[{\"added\": {}}]"}}, {"model": "admin.logentry", "pk": 2, "fields": {"action_time": "2023-11-05T10:26:22.827Z", "user": 1, "content_type": 7, "object_id": "2", "object_repr": "('Беларусь', 'Минск', 'Брестская', '90')", "action_flag": 1, "change_message": "[{\"added\": {}}]"}}, {"model": "admin.logentry", "pk": 3, "fields": {"action_time": "2023-11-05T10:27:23.104Z", "user": 1, "content_type": 7, "object_id": "3", "object_repr": "('Беларусь', 'Минск', 'пр. Победителей', '100')", "action_flag": 1, "change_message": "[{\"added\": {}}]"}}, {"model": "admin.logentry", "pk": 4, "fields": {"action_time": "2023-11-05T10:32:01.670Z", "user": 1, "content_type": 8, "object_id": "1", "object_repr": "21@21vek.by", "action_flag": 1, "change_message": "[{\"added\": {}}]"}}, {"model": "admin.logentry", "pk": 5, "fields": {"action_time": "2023-11-05T10:39:06.585Z", "user": 1, "content_type": 8, "object_id": "2", "object_repr": "xistore@21vek.by", "action_flag": 1, "change_message": "[{\"added\": {}}]"}}, {"model": "admin.logentry", "pk": 6, "fields": {"action_time": "2023-11-05T10:40:48.051Z", "user": 1, "content_type": 9, "object_id": "1", "object_repr": "Робот-пылесос Xiaomi Robot Vacuum E10 (B112)", "action_flag": 1, "change_message": "[{\"added\": {}}]"}}, {"model": "admin.logentry", "pk": 7, "fields": {"action_time": "2023-11-05T10:41:43.664Z", "user": 1, "content_type": 9, "object_id": "2", "object_repr": "Телевизор Xiaomi TV A2 FHD 43 L43M8-AFRU", "action_flag": 1, "change_message": "[{\"added\": {}}]"}}, {"model": "admin.logentry", "pk": 8, "fields": {"action_time": "2023-11-05T10:44:50.242Z", "user": 1, "content_type": 10, "object_id": "1", "object_repr": "1 \"21 век\"", "action_flag": 1, "change_message": "[{\"added\": {}}]"}}, {"model": "admin.logentry", "pk": 9, "fields": {"action_time": "2023-11-05T10:48:59.925Z", "user": 1, "content_type": 11, "object_id": "1", "object_repr": "Иван", "action_flag": 1, "change_message": "[{\"added\": {}}]"}}, {"model": "admin.logentry", "pk": 10, "fields": {"action_time": "2023-11-06T09:07:09.951Z", "user": 1, "content_type": 10, "object_id": "1", "object_repr": "1 \"21 век\"", "action_flag": 3, "change_message": ""}}, {"model": "admin.logentry", "pk": 11, "fields": {"action_time": "2023-11-06T10:18:00.815Z", "user": 1, "content_type": 11, "object_id": "1", "object_repr": "Иван", "action_flag": 1, "change_message": "[{\"added\": {}}]"}}, {"model": "admin.logentry", "pk": 12, "fields": {"action_time": "2023-11-06T10:18:39.500Z", "user": 1, "content_type": 7, "object_id": "4", "object_repr": "('Беларусь', 'Брест', 'Ладная', '4')", "action_flag": 1, "change_message": "[{\"added\": {}}]"}}, {"model": "admin.logentry", "pk": 13, "fields": {"action_time": "2023-11-06T10:19:02.836Z", "user": 1, "content_type": 7, "object_id": "5", "object_repr": "('Беларусь', 'Могилев', 'Бялыникого-Бирули', '56')", "action_flag": 1, "change_message": "[{\"added\": {}}]"}}, {"model": "admin.logentry", "pk": 14, "fields": {"action_time": "2023-11-06T10:22:51.482Z", "user": 1, "content_type": 12, "object_id": "1", "object_repr": "0 \"Xiomi\"", "action_flag": 1, "change_message": "[{\"added\": {}}]"}}, {"model": "admin.logentry", "pk": 15, "fields": {"action_time": "2023-11-06T10:23:13.734Z", "user": 1, "content_type": 12, "object_id": "2", "object_repr": "1 \"Xiomi MEGA Distributor\"", "action_flag": 1, "change_message": "[{\"added\": {}}]"}}, {"model": "admin.logentry", "pk": 16, "fields": {"action_time": "2023-11-06T10:23:28.550Z", "user": 1, "content_type": 12, "object_id": "3", "object_repr": "2 \"Xiomi Minsk\"", "action_flag": 1, "change_message": "[{\"added\": {}}]"}}, {"model": "admin.logentry", "pk": 17, "fields": {"action_time": "2023-11-06T10:23:48.524Z", "user": 1, "content_type": 12, "object_id": "4", "object_repr": "2 \"Xiomi Mogilev\"", "action_flag": 1, "change_message": "[{\"added\": {}}]"}}, {"model": "admin.logentry", "pk": 18, "fields": {"action_time": "2023-11-06T10:24:04.465Z", "user": 1, "content_type": 12, "object_id": "5", "object_repr": "2 \"Xiomi Brest\"", "action_flag": 1, "change_message": "[{\"added\": {}}]"}}, {"model": "admin.logentry", "pk": 19, "fields": {"action_time": "2023-11-06T10:24:46.296Z", "user": 1, "content_type": 12, "object_id": "6", "object_repr": "3 \"21 век\"", "action_flag": 1, "change_message": "[{\"added\": {}}]"}}, {"model": "admin.logentry", "pk": 20, "fields": {"action_time": "2023-11-06T10:25:14.751Z", "user": 1, "content_type": 12, "object_id": "7", "object_repr": "4 \"ИП Герасимов Ю.Л.\"", "action_flag": 1, "change_message": "[{\"added\": {}}]"}}, {"model": "admin.logentry", "pk": 21, "fields": {"action_time": "2023-11-06T10:26:18.188Z", "user": 1, "content_type": 10, "object_id": "1", "object_repr": "Сеть1", "action_flag": 1, "change_message": "[{\"added\": {}}]"}}, {"model": "admin.logentry", "pk": 22, "fields": {"action_time": "2023-11-06T10:30:25.698Z", "user": 1, "content_type": 10, "object_id": "2", "object_repr": "Сеть1", "action_flag": 1, "change_message": "[{\"added\": {}}]"}}, {"model": "admin.logentry", "pk": 23, "fields": {"action_time": "2023-11-06T10:31:14.331Z", "user": 1, "content_type": 11, "object_id": "2", "object_repr": "Татьяна", "action_flag": 1, "change_message": "[{\"added\": {}}]"}}, {"model": "admin.logentry", "pk": 24, "fields": {"action_time": "2023-11-06T10:31:30.409Z", "user": 1, "content_type": 11, "object_id": "3", "object_repr": "Леонид", "action_flag": 1, "change_message": "[{\"added\": {}}]"}}, {"model": "admin.logentry", "pk": 25, "fields": {"action_time": "2023-11-06T10:32:36.882Z", "user": 1, "content_type": 10, "object_id": "1", "object_repr": "Сеть2", "action_flag": 2, "change_message": "[{\"changed\": {\"fields\": [\"Name\", \"Contact\", \"Product\", \"Employee\", \"Supplier\", \"Debt\"]}}]"}}, {"model": "admin.logentry", "pk": 26, "fields": {"action_time": "2023-11-06T10:34:31.781Z", "user": 1, "content_type": 8, "object_id": "3", "object_repr": "mega@email.com", "action_flag": 1, "change_message": "[{\"added\": {}}]"}}, {"model": "admin.logentry", "pk": 27, "fields": {"action_time": "2023-11-06T10:34:46.199Z", "user": 1, "content_type": 10, "object_id": "3", "object_repr": "Сеть3", "action_flag": 1, "change_message": "[{\"added\": {}}]"}}, {"model": "admin.logentry", "pk": 28, "fields": {"action_time": "2023-11-06T18:22:34.641Z", "user": 1, "content_type": 9, "object_id": "3", "object_repr": "Смартфон Samsung Galaxy M31s", "action_flag": 1, "change_message": "[{\"added\": {}}]"}}, {"model": "admin.logentry", "pk": 29, "fields": {"action_time": "2023-11-06T20:14:20.984Z", "user": 1, "content_type": 10, "object_id": "6", "object_repr": "test", "action_flag": 1, "change_message": "[{\"added\": {}}]"}}, {"model": "admin.logentry", "pk": 30, "fields": {"action_time": "2023-11-07T15:04:34.716Z", "user": 1, "content_type": 12, "object_id": "8", "object_repr": "0 \"Huawei\"", "action_flag": 1, "change_message": "[{\"added\": {}}]"}}, {"model": "admin.logentry", "pk": 31, "fields": {"action_time": "2023-11-07T16:10:35.249Z", "user": 1, "content_type": 10, "object_id": "7", "object_repr": "test123", "action_flag": 2, "change_message": "[{\"changed\": {\"fields\": [\"Product\"]}}]"}}, {"model": "admin.logentry", "pk": 32, "fields": {"action_time": "2023-11-07T17:36:15.078Z", "user": 1, "content_type": 10, "object_id": "10", "object_repr": "test12345", "action_flag": 1, "change_message": "[{\"added\": {}}]"}}, {"model": "admin.logentry", "pk": 33, "fields": {"action_time": "2023-11-07T17:47:22.907Z", "user": 1, "content_type": 10, "object_id": "10", "object_repr": "test12345", "action_flag": 2, "change_message": "[{\"changed\": {\"fields\": [\"Debt\"]}}]"}}, {"model": "admin.logentry", "pk": 34, "fields": {"action_time": "2023-11-07T17:48:06.826Z", "user": 1, "content_type": 10, "object_id": "2", "object_repr": "Сеть1", "action_flag": 2, "change_message": "[{\"changed\": {\"fields\": [\"Debt\"]}}]"}}, {"model": "admin.logentry", "pk": 35, "fields": {"action_time": "2023-11-07T17:48:19.010Z", "user": 1, "content_type": 10, "object_id": "1", "object_repr": "Сеть2", "action_flag": 2, "change_message": "[{\"changed\": {\"fields\": [\"Debt\"]}}]"}}, {"model": "admin.logentry", "pk": 36, "fields": {"action_time": "2023-11-07T18:29:39.674Z", "user": 1, "content_type": 7, "object_id": "6", "object_repr": "('Молдова', 'Кишинев', 'Ленина', '300')", "action_flag": 1, "change_message": "[{\"added\": {}}]"}}, {"model": "admin.logentry", "pk": 37, "fields": {"action_time": "2023-11-07T18:29:41.921Z", "user": 1, "content_type": 8, "object_id": "4", "object_repr": "ki@mo.op", "action_flag": 1, "change_message": "[{\"added\": {}}]"}}, {"model": "admin.logentry", "pk": 38, "fields": {"action_time": "2023-11-07T18:30:00.877Z", "user": 1, "content_type": 10, "object_id": "10", "object_repr": "test12345", "action_flag": 2, "change_message": "[{\"changed\": {\"fields\": [\"\\u041a\\u043e\\u043d\\u0442\\u0430\\u043a\\u0442\\u044b\"]}}]"}}, {"model": "admin.logentry", "pk": 39, "fields": {"action_time": "2023-11-07T18:47:44.649Z", "user": 1, "content_type": 10, "object_id": "14", "object_repr": "66;knl", "action_flag": 1, "change_message": "[{\"added\": {}}]"}}, {"model": "auth.permission", "pk": 1, "fields": {"name": "Can add log entry", "content_type": 1, "codename": "add_logentry"}}, {"model": "auth.permission", "pk": 2, "fields": {"name": "Can change log entry", "content_type": 1, "codename": "change_logentry"}}, {"model": "auth.permission", "pk": 3, "fields": {"name": "Can delete log entry", "content_type": 1, "codename": "delete_logentry"}}, {"model": "auth.permission", "pk": 4, "fields": {"name": "Can view log entry", "content_type": 1, "codename": "view_logentry"}}, {"model": "auth.permission", "pk": 5, "fields": {"name": "Can add permission", "content_type": 2, "codename": "add_permission"}}, {"model": "auth.permission", "pk": 6, "fields": {"name": "Can change permission", "content_type": 2, "codename": "change_permission"}}, {"model": "auth.permission", "pk": 7, "fields": {"name": "Can delete permission", "content_type": 2, "codename": "delete_permission"}}, {"model": "auth.permission", "pk": 8, "fields": {"name": "Can view permission", "content_type": 2, "codename": "view_permission"}}, {"model": "auth.permission", "pk": 9, "fields": {"name": "Can add group", "content_type": 3, "codename": "add_group"}}, {"model": "auth.permission", "pk": 10, "fields": {"name": "Can change group", "content_type": 3, "codename": "change_group"}}, {"model": "auth.permission", "pk": 11, "fields": {"name": "Can delete group", "content_type": 3, "codename": "delete_group"}}, {"model": "auth.permission", "pk": 12, "fields": {"name": "Can view group", "content_type": 3, "codename": "view_group"}}, {"model": "auth.permission", "pk": 13, "fields": {"name": "Can add user", "content_type": 4, "codename": "add_user"}}, {"model": "auth.permission", "pk": 14, "fields": {"name": "Can change user", "content_type": 4, "codename": "change_user"}}, {"model": "auth.permission", "pk": 15, "fields": {"name": "Can delete user", "content_type": 4, "codename": "delete_user"}}, {"model": "auth.permission", "pk": 16, "fields": {"name": "Can view user", "content_type": 4, "codename": "view_user"}}, {"model": "auth.permission", "pk": 17, "fields": {"name": "Can add content type", "content_type": 5, "codename": "add_contenttype"}}, {"model": "auth.permission", "pk": 18, "fields": {"name": "Can change content type", "content_type": 5, "codename": "change_contenttype"}}, {"model": "auth.permission", "pk": 19, "fields": {"name": "Can delete content type", "content_type": 5, "codename": "delete_contenttype"}}, {"model": "auth.permission", "pk": 20, "fields": {"name": "Can view content type", "content_type": 5, "codename": "view_contenttype"}}, {"model": "auth.permission", "pk": 21, "fields": {"name": "Can add session", "content_type": 6, "codename": "add_session"}}, {"model": "auth.permission", "pk": 22, "fields": {"name": "Can change session", "content_type": 6, "codename": "change_session"}}, {"model": "auth.permission", "pk": 23, "fields": {"name": "Can delete session", "content_type": 6, "codename": "delete_session"}}, {"model": "auth.permission", "pk": 24, "fields": {"name": "Can view session", "content_type": 6, "codename": "view_session"}}, {"model": "auth.permission", "pk": 25, "fields": {"name": "Can add Адрес", "content_type": 7, "codename": "add_address"}}, {"model": "auth.permission", "pk": 26, "fields": {"name": "Can change Адрес", "content_type": 7, "codename": "change_address"}}, {"model": "auth.permission", "pk": 27, "fields": {"name": "Can delete Адрес", "content_type": 7, "codename": "delete_address"}}, {"model": "auth.permission", "pk": 28, "fields": {"name": "Can view Адрес", "content_type": 7, "codename": "view_address"}}, {"model": "auth.permission", "pk": 29, "fields": {"name": "Can add Контакт", "content_type": 8, "codename": "add_contact"}}, {"model": "auth.permission", "pk": 30, "fields": {"name": "Can change Контакт", "content_type": 8, "codename": "change_contact"}}, {"model": "auth.permission", "pk": 31, "fields": {"name": "Can delete Контакт", "content_type": 8, "codename": "delete_contact"}}, {"model": "auth.permission", "pk": 32, "fields": {"name": "Can view Контакт", "content_type": 8, "codename": "view_contact"}}, {"model": "auth.permission", "pk": 33, "fields": {"name": "Can add Продукт", "content_type": 9, "codename": "add_product"}}, {"model": "auth.permission", "pk": 34, "fields": {"name": "Can change Продукт", "content_type": 9, "codename": "change_product"}}, {"model": "auth.permission", "pk": 35, "fields": {"name": "Can delete Продукт", "content_type": 9, "codename": "delete_product"}}, {"model": "auth.permission", "pk": 36, "fields": {"name": "Can view Продукт", "content_type": 9, "codename": "view_product"}}, {"model": "auth.permission", "pk": 37, "fields": {"name": "Can add Торговая сеть", "content_type": 10, "codename": "add_network"}}, {"model": "auth.permission", "pk": 38, "fields": {"name": "Can change Торговая сеть", "content_type": 10, "codename": "change_network"}}, {"model": "auth.permission", "pk": 39, "fields": {"name": "Can delete Торговая сеть", "content_type": 10, "codename": "delete_network"}}, {"model": "auth.permission", "pk": 40, "fields": {"name": "Can view Торговая сеть", "content_type": 10, "codename": "view_network"}}, {"model": "auth.permission", "pk": 41, "fields": {"name": "Can add Сотрудник", "content_type": 11, "codename": "add_employee"}}, {"model": "auth.permission", "pk": 42, "fields": {"name": "Can change Сотрудник", "content_type": 11, "codename": "change_employee"}}, {"model": "auth.permission", "pk": 43, "fields": {"name": "Can delete Сотрудник", "content_type": 11, "codename": "delete_employee"}}, {"model": "auth.permission", "pk": 44, "fields": {"name": "Can view Сотрудник", "content_type": 11, "codename": "view_employee"}}, {"model": "auth.permission", "pk": 45, "fields": {"name": "Can add Поставщик", "content_type": 12, "codename": "add_supplier"}}, {"model": "auth.permission", "pk": 46, "fields": {"name": "Can change Поставщик", "content_type": 12, "codename": "change_supplier"}}, {"model": "auth.permission", "pk": 47, "fields": {"name": "Can delete Поставщик", "content_type": 12, "codename": "delete_supplier"}}, {"model": "auth.permission", "pk": 48, "fields": {"name": "Can view Поставщик", "content_type": 12, "codename": "view_supplier"}}, {"model": "auth.user", "pk": 1, "fields": {"password": "pbkdf2_sha256$600000$CqdPw9Uteps88NSeULo601$SO1avhegffXFKAeUkuXIlvTdFOmlxzS2NKFOks7XJCU=", "last_login": "2023-11-06T18:39:03.030Z", "is_superuser": true, "username": "yherasimau", "first_name": "", "last_name": "", "email": "yl.herasimau@gmail.com", "is_staff": true, "is_active": true, "date_joined": "2023-11-05T10:23:35.831Z", "groups": [], "user_permissions": []}}, {"model": "contenttypes.contenttype", "pk": 1, "fields": {"app_label": "admin", "model": "logentry"}}, {"model": "contenttypes.contenttype", "pk": 2, "fields": {"app_label": "auth", "model": "permission"}}, {"model": "contenttypes.contenttype", "pk": 3, "fields": {"app_label": "auth", "model": "group"}}, {"model": "contenttypes.contenttype", "pk": 4, "fields": {"app_label": "auth", "model": "user"}}, {"model": "contenttypes.contenttype", "pk": 5, "fields": {"app_label": "contenttypes", "model": "contenttype"}}, {"model": "contenttypes.contenttype", "pk": 6, "fields": {"app_label": "sessions", "model": "session"}}, {"model": "contenttypes.contenttype", "pk": 7, "fields": {"app_label": "ecommerceapp", "model": "address"}}, {"model": "contenttypes.contenttype", "pk": 8, "fields": {"app_label": "ecommerceapp", "model": "contact"}}, {"model": "contenttypes.contenttype", "pk": 9, "fields": {"app_label": "ecommerceapp", "model": "product"}}, {"model": "contenttypes.contenttype", "pk": 10, "fields": {"app_label": "ecommerceapp", "model": "network"}}, {"model": "contenttypes.contenttype", "pk": 11, "fields": {"app_label": "ecommerceapp", "model": "employee"}}, {"model": "contenttypes.contenttype", "pk": 12, "fields": {"app_label": "ecommerceapp", "model": "supplier"}}, {"model": "sessions.session", "pk": "szsk557saywcvk7ukmgdoz0yjmq0j1ti", "fields": {"session_data": ".eJxVjEEOwiAQRe_C2pApCENduvcMZIBBqgaS0q6Md7dNutDtf-_9t_C0LsWvnWc_JXERgzj9boHik-sO0oPqvcnY6jJPQe6KPGiXt5b4dT3cv4NCvWx1psTaaTYhkUbFDEblbNGMBGcABeSytcCBGSMOOqJygfSYrQHcKvH5AvqmOC8:1r04V5:YIpGCmiODqwBSMZ2j5oaBAKIFv1XNpL_sNulTrYci8A", "expire_date": "2023-11-20T18:39:03.045Z"}}, {"model": "ecommerceapp.address", "pk": 1, "fields": {"country": "Беларусь", "city": "Минск", "street": "Неманская", "house_number": "1"}}, {"model": "ecommerceapp.address", "pk": 2, "fields": {"country": "Беларусь", "city": "Минск", "street": "Брестская", "house_number": "90"}}, {"model": "ecommerceapp.address", "pk": 3, "fields": {"country": "Беларусь", "city": "Минск", "street": "пр. Победителей", "house_number": "100"}}, {"model": "ecommerceapp.address", "pk": 4, "fields": {"country": "Беларусь", "city": "Брест", "street": "Ладная", "house_number": "4"}}, {"model": "ecommerceapp.address", "pk": 5, "fields": {"country": "Беларусь", "city": "Могилев", "street": "Бялыникого-Бирули", "house_number": "56"}}, {"model": "ecommerceapp.address", "pk": 6, "fields": {"country": "Молдова", "city": "Кишинев", "street": "Ленина", "house_number": "300"}}, {"model": "ecommerceapp.contact", "pk": 1, "fields": {"email": "21@21vek.by", "address": 3}}, {"model": "ecommerceapp.contact", "pk": 2, "fields": {"email": "xistore@21vek.by", "address": 3}}, {"model": "ecommerceapp.contact", "pk": 3, "fields": {"email": "mega@email.com", "address": 4}}, {"model": "ecommerceapp.contact", "pk": 4, "fields": {"email": "ki@mo.op", "address": 6}}, {"model": "ecommerceapp.product", "pk": 1, "fields": {"name": "Робот-пылесос", "model": "Xiaomi Robot Vacuum E10 (B112)", "release_date": "2023-11-05"}}, {"model": "ecommerceapp.product", "pk": 2, "fields": {"name": "Телевизор", "model": "Xiaomi TV A2 FHD 43 L43M8-AFRU", "release_date": "2021-12-01"}}, {"model": "ecommerceapp.product", "pk": 3, "fields": {"name": "Смартфон", "model": "Samsung Galaxy M31s", "release_date": "2023-11-30"}}, {"model": "ecommerceapp.employee", "pk": 1, "fields": {"name": "Иван"}}, {"model": "ecommerceapp.employee", "pk": 2, "fields": {"name": "Татьяна"}}, {"model": "ecommerceapp.employee", "pk": 3, "fields": {"name": "Леонид"}}, {"model": "ecommerceapp.supplier", "pk": 1, "fields": {"name": "Xiomi", "level": 0}}, {"model": "ecommerceapp.supplier", "pk": 2, "fields": {"name": "Xiomi MEGA Distributor", "level": 1}}, {"model": "ecommerceapp.supplier", "pk": 3, "fields": {"name": "Xiomi Minsk", "level": 2}}, {"model": "ecommerceapp.supplier", "pk": 4, "fields": {"name": "Xiomi Mogilev", "level": 2}}, {"model": "ecommerceapp.supplier", "pk": 5, "fields": {"name": "Xiomi Brest", "level": 2}}, {"model": "ecommerceapp.supplier", "pk": 6, "fields": {"name": "21 век", "level": 3}}, {"model": "ecommerceapp.supplier", "pk": 7, "fields": {"name": "ИП Герасимов Ю.Л.", "level": 4}}, {"model": "ecommerceapp.supplier", "pk": 8, "fields": {"name": "Huawei", "level": 0}}, {"model": "ecommerceapp.network", "pk": 1, "fields": {"name": "Сеть2", "contact": 2, "employee": 3, "supplier": 3, "debt": "0.00", "created_at": "2023-11-06T10:26:18.183Z", "product": [1]}}, {"model": "ecommerceapp.network", "pk": 2, "fields": {"name": "Сеть1", "contact": 1, "employee": 1, "supplier": 6, "debt": "0.00", "created_at": "2023-11-06T10:30:25.698Z", "product": [1, 2]}}, {"model": "ecommerceapp.network", "pk": 3, "fields": {"name": "Сеть3", "contact": 3, "employee": 2, "supplier": 2, "debt": "0.00", "created_at": "2023-11-06T10:34:46.194Z", "product": [2]}}, {"model": "ecommerceapp.network", "pk": 4, "fields": {"name": "Сеть4", "contact": 1, "employee": 1, "supplier": 1, "debt": "0.00", "created_at": "2023-11-06T19:12:47.637Z", "product": [1, 3, 2]}}, {"model": "ecommerceapp.network", "pk": 6, "fields": {"name": "test", "contact": 2, "employee": 3, "supplier": 2, "debt": "0.00", "created_at": "2023-11-06T20:14:20.981Z", "product": [2]}}, {"model": "ecommerceapp.network", "pk": 7, "fields": {"name": "test123", "contact": 1, "employee": 1, "supplier": 6, "debt": "0.00", "created_at": "2023-11-07T15:58:29.160Z", "product": [1, 3, 2]}}, {"model": "ecommerceapp.network", "pk": 10, "fields": {"name": "test12345", "contact": 4, "employee": 3, "supplier": 6, "debt": "0.00", "created_at": "2023-11-07T17:36:15.069Z", "product": [1]}}, {"model": "ecommerceapp.network", "pk": 11, "fields": {"name": "wpibnpwINRH", "contact": 1, "employee": 3, "supplier": 4, "debt": "0.00", "created_at": "2023-11-07T18:39:38.086Z", "product": [3, 2]}}, {"model": "ecommerceapp.network", "pk": 12, "fields": {"name": "wpibnpwINRH5555555555", "contact": 1, "employee": 3, "supplier": 4, "debt": "0.00", "created_at": "2023-11-07T18:40:28.715Z", "product": [3, 2]}}, {"model": "ecommerceapp.network", "pk": 13, "fields": {"name": "wpibnpwINRH666666665", "contact": 1, "employee": 3, "supplier": 4, "debt": "0.00", "created_at": "2023-11-07T18:40:53.671Z", "product": [3, 2]}}, {"model": "ecommerceapp.network", "pk": 14, "fields": {"name": "66;knl", "contact": null, "employee": null, "supplier": null, "debt": "0.00", "created_at": "2023-11-07T18:47:44.644Z", "product": [3]}}, {"model": "ecommerceapp.network", "pk": 15, "fields": {"name": "knsbl'n", "contact": 1, "employee": 3, "supplier": 4, "debt": "0.00", "created_at": "2023-11-07T18:50:04.804Z", "product": [3, 2]}}, {"model": "ecommerceapp.network", "pk": 16, "fields": {"name": "TTTTTTTTTTTTTTTTTTTTTTT", "contact": 1, "employee": 3, "supplier": 4, "debt": "0.00", "created_at": "2023-11-07T18:50:51.347Z", "product": [3, 2]}}, {"model": "ecommerceapp.network", "pk": 17, "fields": {"name": "sgjbskjgbkjgj", "contact": 1, "employee": 3, "supplier": 4, "debt": "0.00", "created_at": "2023-11-07T18:56:28.468Z", "product": [3, 2]}}, {"model": "ecommerceapp.network", "pk": 18, "fields": {"name": "hlkrn", "contact": 1, "employee": 3, "supplier": 4, "debt": "0.00", "created_at": "2023-11-07T19:01:52.842Z", "product": [3, 2]}}, {"model": "ecommerceapp.network", "pk": 19, "fields": {"name": "LHM", "contact": 1, "employee": 1, "supplier": 6, "debt": "0.00", "created_at": "2023-11-07T19:48:12.080Z", "product": []}}, {"model": "ecommerceapp.network", "pk": 20, "fields": {"name": "test_UPDATE", "contact": 1, "employee": 3, "supplier": 4, "debt": "0.00", "created_at": "2023-11-07T20:17:27.661Z", "product": [3, 2]}}, {"model": "ecommerceapp.network", "pk": 21, "fields": {"name": "test2222222", "contact": 1, "employee": 3, "supplier": 4, "debt": "0.00", "created_at": "2023-11-07T20:22:29.040Z", "product": [3, 2]}}]